Country,2016,2017,2018,2019,2020,2021,2022,2023,2024
Brunei Darussalam,493,632,532,454,77,13,26,110,92
Cambodia,"4,191","5,531","6,457","7,879","1,802",26,513,"1,413","1,862"
Indonesia,"11,022","11,517","12,898","15,558","3,653",486,"1,642","2,836","2,983"
Lao PDR,"2,947","2,308","2,665","2,783",505,6,162,679,728
Malaysia,"43,931","47,010","47,632","44,203","8,497",981,"3,892","7,703","6,135"
Philippines,"16,421","18,143","16,748","17,398","3,311",233,"1,145","2,618","3,141"
Singapore,"50,198","61,859","58,657","57,890","8,762",217,"3,292","8,169","7,381"
Thailand,"243,443","273,889","291,231","273,157","58,931","1,150","13,192","53,826","42,105"
Viet Nam,"48,869","58,919","53,329","52,567","9,825",182,"3,669","14,396","9,385"
Total,"421,515","479,808","490,149","471,889","95,363","3,294","27,533","91,756","73,812"