No,Country/Region,2015,2016,2017,2018,2019,2020,2021,2022,2023,2024,%
,NORTH AMERICA,"83,866","91,526","87,153","76,122","77,817","17,765",691,"3,489","9,864","11,393",4%
1,U.S.A,"69,815","76,502","73,085","65,057","66,757","15,030",614,"3,052",-,"9,377",3%
2,CANADA,"14,051","15,024","14,068","11,065","11,060","2,735",77,437,-,"1,206",0%
,OTHER AMERICAS,"9,575","10,999","12,592","10,786","10,227","2,721",68,313,900,810,0%
,WEST EUROPE,"209,300","237,889","239,358","183,472","184,016","55,767","1,248","5,239","11,493","12,428",4%
1,FRANCE,"47,435","52,304","58,369","43,218","42,608","15,520",360,898,-,"1,965",1%
2,U.K,"45,120","51,051","47,717","36,609","33,857","9,317",300,"1,575",-,"4,019",1%
3,GERMANY,"35,727","39,044","39,952","28,838","29,447","9,052",83,549,-,"1,266",0%
4,ITALY,"14,841","17,969","18,242","16,855","19,121","5,794",77,401,-,878,0%
5,SPAIN,"9,158","12,765","13,558","11,315","13,689","2,182",52,228,-,776,0%
6,SWITZERLAND,"12,293","13,897","13,694","10,019","9,267","2,877",93,323,-,582,0%
7,NETHERLANDS,-,"13,950","13,558","9,428","9,600","2,648",77,437,-,"1,002",0%
8,BELGIUM,"6,666","7,783","7,628","6,087","5,733","1,972",20,135,-,303,0%
9,AUSTRIA,"4,398","4,857","4,690","3,405","3,729","1,658",17,65,-,145,0%
10,OTHERS,"33,662","24,269","21,950","17,698","16,965","4,747",169,628,-,"1,492",1%
,EAST EUROPE,"15,433","17,568","20,069","18,386","18,649","7,267",873,"2,017","4,355","5,605",2%
1,RUSSIA,"4,138","5,487","5,534","5,451","5,259","2,094",594,"1,405",-,"3,893",1%
2,OTHERS,"11,295","12,081","14,535","12,935","13,390","5,173",279,612,-,"1,712",1%
,AFRICA,"3,829","3,779","5,866","4,346","4,490","1,384",192,509,"1,149","1,502",1%
,MIDDLE EAST,"5,527","7,140","6,465","5,685","6,006","1,890",152,"1,184",949,"1,002",0%
,ASIA,"938,487","864,523","953,801","1,066,846","1,599,186","278,293","15,910","77,969","257,117","246,847",88%
1,CHINA,"147,977","183,886","212,642","333,085","749,916","110,468","8,241","22,798",-,"99,852",35%
2,THAILAND,"204,539","245,443","273,889","291,231","273,157","58,931","1,150","13,192",-,"42,105",15%
3,JAPAN,"90,312","100,784","101,484","104,376","125,706","26,100","1,171","6,605",-,"19,355",7%
4,KOREA,"63,715","64,397","65,829","72,852","111,794","19,363","1,080","6,854",-,"23,213",8%
5,SINGAPORE,"45,125","50,198","61,859","58,657","57,890","8,762",217,"3,292",-,"7,381",3%
6,VIETNAM,-,"48,869","58,919","53,329","52,567","9,825",182,"3,669",-,"9,385",3%
7,MALAYSIA,"40,852","43,931","47,010","47,632","44,203","8,497",981,"3,892",-,"6,135",2%
8,INDIA,"34,628","38,557","41,623","43,281","48,400","11,514","1,454","8,069",-,"15,334",5%
9,TAIWAN,"31,735","36,118","36,409","35,685","39,374","7,306",186,"3,427",-,"8,445",3%
10,PHILIPPINES,-,"16,421","18,143","16,748","17,398","3,311",233,"1,145",-,"3,141",1%
11,HONG KONG,"4,237",-,-,"7,183","32,005","4,393",42,347,-,"1,766",1%
12,MACAU,-,-,-,855,"3,352",388,2,19,-,204,0%
13,OTHERS,"272,454","37,919","35,994","37,617","43,621","9,435",971,"4,660",-,"10,531",4%
,OCEANIA,"35,566","39,172","37,644","32,455","30,034","6,814",242,"1,305","3,075","3,056",1%
1,AUSTRALIA,"30,820","34,010","32,628","27,962","25,867","5,952",195,"1,078",-,"2,549",1%
2,NEWZEALAND,"4,547","5,026","4,808","4,285","4,000",822,35,206,-,465,0%
3,OTHERS,199,136,208,208,167,40,12,21,-,42,0%
,Total,"1,301,583","1,272,596","1,362,948","1,398,098","1,930,425","371,901","19,376","92,025","288,902","281,833",100%