No.,State & Region,2019,2020,2021,2022,2023,2024
1,Nay Pyi Taw,0.349,0.154,0.121,0.293,0.454,0.456
2,Kachin,0.125,0.063,0.063,0.161,0.259,0.130
3,Kayah,0.165,0.073,0.004,0.005,0.002,0.000
4,Kayin,0.101,0.055,0.042,0.141,0.335,0.430
5,Chin,0.030,-,-,-,0.004,0.000
6,Sagaing,0.194,0.113,0.048,0.054,0.132,0.107
7,Tanintharyi,0.117,0.124,0.066,0.124,0.256,0.284
8,Bago,0.348,0.159,0.146,0.204,0.230,0.250
9,Magway,0.141,0.059,0.037,0.078,0.102,0.233
10,Mandalay,1.041,0.301,0.324,1.201,2.165,2.588
11,Mon,0.356,0.091,0.069,0.138,0.794,0.755
12,Rakhine,0.089,0.046,0.056,0.153,0.270,0.017
13,Yangon,1.794,0.525,0.621,1.271,2.571,2.502
14,Shan,0.454,0.236,0.212,1.026,1.413,1.356
15,Ayeyawaddy,0.498,0.199,0.335,0.931,1.636,1.409
Total,,5.802,2.198,2.144,5.780,10.623,10.517