Year,Sr,Place,Number,Room
2015,1,Aungban,6,197
2015,2,Bagan,78,2565
2015,3,Bago,21,588
2015,4,Bhamaw,4,136
2015,5,Chaungtha,22,854
2015,6,Dawei,9,358
2015,7,Gan Gaw,1,13
2015,8,Ho Pan,1,23
2015,9,Hpa - an,14,414
2015,10,Kalay,6,175
2015,11,Kalaw,35,752
2015,12,Kanpatlet,3,67
2015,13,Katha,2,35
2015,14,Kawthaung,7,451
2015,15,Kyaikhto,15,643
2015,16,Kyaington,14,488
2015,17,Kyaukme,4,105
2015,18,Kyaukpataung,3,81
2015,19,Kyaukphyu,4,133
2015,20,Kyaukse,3,62
2015,21,Lashio,15,510
2015,22,Loikaw,9,201
2015,23,Magwe,12,336
2015,24,Mandalay,168,6788
2015,25,Mawlamyaing,24,730
2015,26,Meikhtila,8,213
2015,27,Min Bu,1,41
2015,28,Moe Nyin,1,21
2015,29,Mogok,2,47
2015,30,Monywa,8,330
2015,31,Mrauk-U,6,149
2015,32,Muse,11,467
2015,33,Myawaddy,2,104
2015,34,Myingyan,3,66
2015,35,Myitkyina,16,477
2015,36,Myeik,11,442
2015,37,Naung Cho,1,46
2015,38,Nam Sam (Loi Lin),1,10
2015,39,Nay Pyi Taw,64,5122
2015,40,Ngapali,25,863
2015,41,Ngwe Saung,24,1163
2015,42,Nyaung Shwe,78,2438
2015,43,Pakokku,8,157
2015,44,Pathein,12,293
2015,45,Phakant,2,40
2015,46,Pindaya,6,177
2015,47,Putao,3,59
2015,48,Pyay,15,325
2015,49,Pyaw Bwe,2,33
2015,50,Pyin Oo Lwin,50,1084
2015,51,Sagaing,4,118
2015,52,Sat-Se,1,57
2015,53,Shwe Bo,1,35
2015,54,Shwe Nyaung,1,16
2015,55,Sittwe,8,172
2015,56,Tachileik,35,1669
2015,57,Tantyan,1,36
2015,58,Taunggyi,31,864
2015,59,Taungoo,11,242
2015,60,Taung Twin Gyi,1,12
2015,61,Tha Hton,2,47
2015,62,Thaya Waddy,1,16
2015,63,Thazi,2,26
2015,64,Thibaw,12,255
2015,65,yangon,324,15424
2015,66,Ya Mae Thin,1,31
2015,67,Yay Nan Chaung,3,34
2015,Total,,1279,49946
2016,1,Aungban,7,207
2016,2,Bagan,84,2855
2016,3,Bago,24,664
2016,4,Bhamaw,4,136
2016,5,Chaungtha,23,959
2016,6,Dawei,13,450
2016,7,Gan Gaw,2,33
2016,8,Hai Kyi Kyun,1,20
2016,9,Ho Pan,1,23
2016,10,Hpa-an,16,548
2016,11,Kalay,6,175
2016,12,Kalaw,43,884
2016,13,Kanpatlat,3,67
2016,14,Katha,2,55
2016,15,Kawthaung,8,491
2016,16,Kyaikhto,14,519
2016,17,Kyaington,14,521
2016,18,Kyaukme,4,105
2016,19,Kyaukpataung,6,135
2016,20,Kyaukphyu,7,226
2016,21,Kyaukse,4,87
2016,22,Latpadan,1,20
2016,23,Lashio,19,713
2016,24,Loikaw,13,290
2016,25,Magwe,12,336
2016,26,Mandalay,189,7557
2016,27,Mawlamyaing,29,923
2016,28,Meikhtila,9,263
2016,29,Min Bue,2,61
2016,30,Mindat,1,32
2016,31,Moe Nyin,1,21
2016,32,Mogok,3,80
2016,33,Monywa,10,457
2016,34,Mrauk-U,6,152
2016,35,Muse,11,467
2016,36,Myawaddy,4,158
2016,37,Myingyan,3,66
2016,38,Myitkyina,16,477
2016,39,Myeik,14,490
2016,40,Naung Hkio,1,46
2016,41,Nam Sam(Loi Lin),2,62
2016,42,Nay Pyi Taw,65,5184
2016,43,Ngapali,26,926
2016,44,Ngwesaung,24,1191
2016,45,Nyaung Shwe,90,2804
2016,46,Pakokku,9,223
2016,47,Pathein,14,349
2016,48,Phakant,2,40
2016,49,Phe Khone,1,20
2016,50,Phyar Pon,1,40
2016,51,Pindaya,6,177
2016,52,Putao,3,59
2016,53,Pyay,17,374
2016,54,Pyaw Bwe,2,33
2016,55,Pyin Oo Lwin,51,1204
2016,56,Sagaing,4,129
2016,57,Shwe Bo,2,55
2016,58,Shwe Nyaung,2,91
2016,59,Sint Kaing,2,41
2016,60,Sittwe,10,218
2016,61,Tachileik,39,1872
2016,62,Tanintharyi,1,20
2016,63,Tantyan,1,36
2016,64,Taunggyi,36,996
2016,65,Taungoo,13,304
2016,66,Taung Twin Gyi,2,32
2016,67,Tha Htone,2,55
2016,68,Thaya Waddy,1,16
2016,69,Thazi,2,26
2016,70,Thibaw,13,285
2016,71,Yangon,354,17708
2016,72,Ya Mae Thin,1,31
2016,73,Yay,1,23
2016,74,Yay Nan Chaung,3,36
2016,Total,,1432,56429
2017,1,Aungban,7,239
2017,2,Bagan,85,2919
2017,3,Bago,29,818
2017,4,Bhamaw,4,136
2017,5,Chaungtha,26,1225
2017,6,Chauk,1,18
2017,7,Dawei,15,483
2017,8,Dike Oo,1,20
2017,9,Gan Gaw,4,75
2017,10,Hai Kyi Kyun,1,20
2017,11,Ho Pan,1,23
2017,12,Hpa-an,18,629
2017,13,Hin Thata,1,25
2017,14,Kalay,8,249
2017,15,Kalaw,45,930
2017,16,Kanpatlat,5,139
2017,17,Katha,3,65
2017,18,Kawthaung,9,522
2017,19,Kyaikhto,15,608
2017,20,Kyaington,15,554
2017,21,Kyaukme,4,105
2017,22,Kyaukpataung,7,158
2017,23,Kyaukphyu,8,251
2017,24,Kyaukse,5,125
2017,25,Kut Khaing,1,38
2017,26,Latpadan,2,45
2017,27,Lashio,20,754
2017,28,Loikaw,17,368
2017,29,Magwe,13,351
2017,30,Mandalay,205,8457
2017,31,Mawlamyaing,32,955
2017,32,Meikhtila,11,303
2017,33,Min Bue,2,79
2017,34,Mindat,1,32
2017,35,Moe Nyin,1,21
2017,36,Mogok,3,120
2017,37,Monywa,14,717
2017,38,Mrauk-U,6,152
2017,39,Muse,12,492
2017,40,Myawaddy,6,251
2017,41,Myingyan,4,108
2017,42,Myitkyina,16,510
2017,43,Myeik,14,500
2017,44,Ma U Bin,1,31
2017,45,Mawlamyaing Kyun,1,14
2017,46,Naung Hkio,1,46
2017,47,Nam Sam(Loi Lin),2,62
2017,48,Nay Pyi Taw,64,5463
2017,49,Ngapali,34,1223
2017,50,Ngwesaung,29,1350
2017,51,Nyaung Shwe,102,3258
2017,52,Nyaung Lay Pin,1,17
2017,53,Pakokku,10,254
2017,54,Pathein,18,523
2017,55,Phakant,3,90
2017,56,Phe Khone,1,20
2017,57,Phyar Pon,1,40
2017,58,Pindaya,6,177
2017,59,Putao,5,99
2017,60,Pyay,22,504
2017,61,Pyaw Bwe,2,33
2017,62,Pyin Oo Lwin,53,1283
2017,63,Pyinmana,1,25
2017,64,Pauk Khaung,1,31
2017,65,Sagaing,6,179
2017,66,Sat Sai,1,57
2017,67,Shwe Bo,2,55
2017,68,Shwe Nyaung,2,91
2017,69,Sint Kaing,2,41
2017,70,Sittwe,11,234
2017,71,Shwe Thaung Yan,1,36
2017,72,Tachileik,41,1946
2017,73,Tanintharyi,1,20
2017,74,Tantyan,1,36
2017,75,Taunggyi,37,1052
2017,76,Taungoo,13,304
2017,77,Taung Twin Gyi,2,32
2017,78,Tha Htone,2,55
2017,79,Thaya Waddy,1,16
2017,80,Thazi,2,26
2017,81,Thibaw,15,381
2017,82,Than Phyu Zayat,1,20
2017,83,Taung Gauk,1,32
2017,84,Yangon,387,20123
2017,85,Ya Mae Thin,1,31
2017,86,Yay,2,45
2017,87,Yay Nan Chaung,3,36
2017,Total,,1590,63978
2018,1,Aungban,9,311
2018,2,Bagan,85,3019
2018,3,Bago,30,858
2018,4,Bhamaw,4,136
2018,5,Chaungtha,28,1264
2018,6,Chauk,1,18
2018,7,Dawei,15,483
2018,8,Dike Oo,1,20
2018,9,Gangaw,4,75
2018,10,Hae' Ho,2,42
2018,11,Haikyikyun,1,20
2018,12,Ho Pan,1,23
2018,13,Ho Pone,1,13
2018,14,Hpa-An,22,744
2018,15,Hinthata,1,25
2018,16,Hsewni,1,20
2018,17,Kalay,11,331
2018,18,Kalaw,51,1062
2018,19,Kanpatlat,5,139
2018,20,Katha,2,30
2018,21,Kawthaung,9,522
2018,22,Kyaikhto,16,631
2018,23,Kyaington,16,578
2018,24,Kyaukme,4,126
2018,25,Kyaukpataung,11,236
2018,26,Kyauk Phyu,8,251
2018,27,Kyauk Se,5,163
2018,28,Kut Khaing,1,36
2018,29,Latpadan,2,45
2018,30,Lashio,20,754
2018,31,Loikaw,23,495
2018,32,Magwe,14,369
2018,33,Mandalay,219,9073
2018,34,Mawlamyaing,34,1064
2018,35,Meikhtila,12,321
2018,36,Minbue,2,79
2018,37,Mindat,2,52
2018,38,Moe Kaung,1,10
2018,39,Moe Nyin,1,21
2018,40,Mogok,3,120
2018,41,Monywa,15,777
2018,42,Mrauk-U,6,172
2018,43,Mudone,1,30
2018,44,Muse,12,492
2018,45,Myawaddy,6,251
2018,46,Myingyan,4,108
2018,47,Myitkyina,20,651
2018,48,Myeik,15,538
2018,49,Ma U Bin,1,31
2018,50,Mawlamyaing Kyun,1,14
2018,51,Naung Hkio,1,46
2018,52,Nam Sam(Loi Lin),2,62
2018,53,Nay Pyi Taw,65,5561
2018,54,Ngapali,46,1500
2018,55,Ngwe Saung,31,1426
2018,56,Nyaung Shwe,103,3362
2018,57,Nyaung Lay Pin,1,17
2018,58,Pakokku,11,275
2018,59,Pathein,21,605
2018,60,Paung,1,14
2018,61,Phakant,3,90
2018,62,Pauk Khaung,1,31
2018,63,Phe Khone,2,42
2018,64,Phyar Pon,1,40
2018,65,Pindaya,6,177
2018,66,Putao,5,99
2018,67,Pwint Phyu,1,19
2018,68,Pyay,25,587
2018,69,Pyaw Bwe,2,51
2018,70,Pyin Oo Lwin,56,1372
2018,71,Pyinmana,1,25
2018,72,Sagaing,6,179
2018,73,Sat Sal,1,57
2018,74,Shwebo,2,55
2018,75,Shwe Nyaung,2,91
2018,76,Sint Kaing,2,41
2018,77,Sittwe,11,234
2018,78,Shwe Thaung Yan,1,36
2018,79,Tachileik,42,1968
2018,80,Tanintharyi,1,20
2018,81,Tantyan,2,60
2018,82,Taunggyi,40,1153
2018,83,Taungoo,14,339
2018,84,Taung Twin Gyi,2,32
2018,85,Tha Htone,3,104
2018,86,Thanphyu Zayat,1,20
2018,87,Thayawaddy,1,16
2018,88,Thazi,2,26
2018,89,Thibaw,15,381
2018,90,Taung Gauk,1,32
2018,91,Yangon,404,21147
2018,92,Yamaethin,1,31
2018,93,Yay,2,45
2018,94,Yaynanchaung,3,36
2018,95,Ywar Ngan,1,20
2019,1,Aungban,10,339
2019,2,Bagan,105,4345
2019,3,Bago,31,906
2019,4,Bhamaw,4,136
2019,5,Bhamauk,1,25
2019,6,Chaungtha,29,1436
2019,7,Chauk,2,32
2019,8,Dawei,16,503
2019,9,Dike Oo,1,20
2019,10,Gangaw,4,90
2019,11,Hae' Ho,3,92
2019,12,Haikyikyun,1,20
2019,13,Ho Pan,1,23
2019,14,Ho Pone,1,13
2019,15,Hpa-An,29,973
2019,16,Hinthata,4,130
2019,17,Hsewni,1,20
2019,18,Kalay,13,383
2019,19,Kalaw,59,1224
2019,20,Kanpatlat,7,181
2019,21,Katha,4,82
2019,22,Kawthaung,10,692
2019,23,Kyaikhto,17,895
2019,24,Kyaington,16,578
2019,25,Kyaukme,4,126
2019,26,Kyaukpataung,13,276
2019,27,Kyauk Phyu,8,273
2019,28,Kyauk Se,6,175
2019,29,Kut Khaing,2,51
2019,30,Latpadan,3,68
2019,31,Lashio,22,829
2019,32,Loikaw,27,589
2019,33,Magwe,15,409
2019,34,Mandalay,266,11153
2019,35,Mawlamyaing,35,1129
2019,36,Meikhtila,16,420
2019,37,Mai Sat,1,64
2019,38,Minbue,3,103
2019,39,Mindat,2,52
2019,40,Minhla,1,11
2019,41,Moe Kaung,1,10
2019,42,Moe Nyin,1,21
2019,43,Mogok,6,199
2019,44,Monywa,18,879
2019,45,Mrauk-U,6,185
2019,46,Mudone,1,30
2019,47,Muse,15,619
2019,48,Myawaddy,12,496
2019,49,Myingyan,8,220
2019,50,Myitkyina,21,705
2019,51,Myeik,16,569
2019,52,Ma U Bin,1,31
2019,53,Mawlamyaing Kyun,1,14
2019,54,Naung Hkio,1,46
2019,55,Nam Sam(Loi Lin),2,62
2019,56,Nay Pyi Taw,66,5588
2019,57,Ngapali,56,1833
2019,58,Ngwe Saung,33,1581
2019,59,Nyaung Shwe,104,3388
2019,60,Nyaung Lay Pin,1,17
2019,61,Pakokku,14,371
2019,62,Pathein,24,762
2019,63,Paung,1,14
2019,64,Phakant,3,90
2019,65,Pauk Khaung,1,31
2019,66,Phe Khone,3,57
2019,67,Phyar Pon,5,121
2019,68,Pindaya,6,177
2019,69,Putao,5,106
2019,70,Pwint Phyu,1,19
2019,71,Pyay,29,685
2019,72,Pyaw Bwe,2,51
2019,73,Pyin Oo Lwin,66,1758
2019,74,Pyinmana,4,155
2019,75,Sagaing,8,232
2019,76,Sat Sal,1,57
2019,77,Shwebo,3,120
2019,78,Shwe Nyaung,2,91
2019,79,Sittwe,14,326
2019,80,Shwe Thaung Yan,5,116
2019,81,Tachileik,52,2321
2019,82,Tanintharyi,1,20
2019,83,Tantyan,2,60
2019,84,Taunggyi,44,1284
2019,85,Taungoo,14,339
2019,86,Taung Twin Gyi,3,45
2019,87,Tha Htone,3,104
2019,88,Thanphyu Zayat,1,30
2019,89,Thayawaddy,1,16
2019,90,Thazi,2,26
2019,91,Thibaw,15,381
2019,92,Yangon,460,23668
2019,93,Yamaethin,1,31
2019,94,Yay,2,45
2019,95,Yaynanchaung,3,41
2019,96,Yin Mar Pin,1,30
2019,97,Ywar Ngan,1,20
2019,98,D Mol Sol,1,24
2019,99,Gwa,1,10
2019,100,Inndaw,1,12
2019,101,Kyar Inn Seitgyi,1,20
2019,102,Laukkai,1,274
2019,103,Lawei,1,36
2019,104,Lwegel,2,66
2019,105,Matupi,1,20
2019,106,Myaungmya,1,20
2019,107,Padaung,1,15
2019,108,Hpasawng,1,15
2019,109,Sintgaing,2,41
2019,110,Singu,1,40
2019,111,Tamu,2,71
2019,112,Toungup,1,32
2020,1,Aungban,11,372
2020,2,Bagan,128,5270
2020,3,Bago,34,978
2020,4,Belin,2,68
2020,5,Bhamauk,1,25
2020,6,Bhamaw,5,196
2020,7,Chauk,2,32
2020,8,Chaungtha,33,1716
2020,9,D Mol Sol,2,38
2020,10,Dawei,20,619
2020,11,Dike Oo,1,20
2020,12,Gangaw,4,90
2020,13,Gwa,2,27
2020,14,Hae' Ho,3,92
2020,15,Haikyikyun,1,20
2020,16,Hinthata,7,236
2020,17,Homemalin,2,48
2020,18,Ho Pan,1,23
2020,19,Ho Pone,1,19
2020,20,Hpa-An,34,1089
2020,21,Hpasawng,1,15
2020,22,Hsewni,1,20
2020,23,Htantalan,1,21
2020,24,Inndaw,1,26
2020,25,Kalaw,66,1329
2020,26,Kalay,13,383
2020,27,Kanpatlat,8,212
2020,28,Katha,4,82
2020,29,Kawthaung,12,776
2020,30,Khannee,2,34
2020,31,Kut Khaing,2,51
2020,32,Kyaikhto,19,951
2020,33,Kyaington,17,627
2020,34,Kyar Inn Seitgyi,1,20
2020,35,Kyauk Phyu,8,273
2020,36,Kyauk Se,6,175
2020,37,Kyauktagar,1,16
2020,38,Kyaukme,4,130
2020,39,Kyaukpataung,13,292
2020,40,Kyonepyaw,1,25
2020,41,Lashio,23,876
2020,42,Latpadan,3,68
2020,43,Laputtar,1,22
2020,44,Laukkai,11,2369
2020,45,Monywa,19,936
2020,46,Mrauk-U,6,185
2020,47,Mudone,1,30
2020,48,Muse,16,673
2020,49,Myaungmya,3,54
2020,50,Myawaddy,14,576
2020,51,Myeik,19,663
2020,52,Myingyan,10,317
2020,53,Myitkyina,28,960
2020,54,Nam Sam(Loi Lin),3,92
2020,55,Naung Hkio,1,63
2020,56,Nay Pyi Taw,79,5884
2020,57,Ngapali,65,2045
2020,58,Ngwe Saung,35,1621
2020,59,Nyaung Lay Pin,1,17
2020,60,Nyaung Shwe,113,3714
2020,61,Padaung,1,15
2020,62,Pakokku,14,371
2020,63,Pathein,25,779
2020,64,Pauk Khaung,1,31
2020,65,Paung,2,34
2020,66,Phakant,5,167
2020,67,Phe Khone,3,57
2020,68,Phyar Pon,5,121
2020,69,Pindaya,7,191
2020,70,Putao,6,148
2020,71,Pwint Phyu,1,19
2020,72,Pyaw Bwe,2,51
2020,73,Pyay,30,712
2020,74,Pyin Oo Lwin,70,1874
2020,75,Pyinmana,8,228
2020,76,Sagaing,8,232
2020,77,Salin,1,20
2020,78,Sat Sal,1,57
2020,79,Shwe Nyaung,2,91
2020,80,Shwe Thaung Yan,6,144
2020,81,Shwebo,5,167
2020,82,Singu,1,40
2020,83,Sintgaing,2,41
2020,84,Sittwe,16,389
2020,85,Tachileik,58,2547
2020,86,Tamu,2,71
2020,87,Tanintharyi,1,20
2020,88,Tantyan,2,60
2020,89,Lawei,1,36
2020,90,Loikaw,31,681
2020,91,Lwegel,2,66
2020,92,Ma U Bin,2,56
2020,93,Magwe,18,512
2020,94,Mai Sat,1,64
2020,95,Mandalay,276,11590
2020,96,Matubi,1,20
2020,97,Mawlamyaing,39,1325
2020,98,Mawlamyaing Kyun,1,14
2020,99,Meikhtila,22,517
2020,100,Minbue,3,103
2020,101,Mindat,3,114
2020,102,Minhla,1,11
2020,103,Moe Kaung,2,25
2020,104,Moe Nyin,3,66
2020,105,Mogok,7,228
2020,106,Taung Twin Gyi,3,45
2020,107,Taunggyi,45,1396
2020,108,Taungoo,15,398
2020,109,Tha Htone,3,104
2020,110,Thanphyu Zayat,1,30
2020,111,Thayawaddy,1,16
2020,112,Thazi,2,26
2020,113,Thibaw,15,393
2020,114,Toungup,1,32
2020,115,Wine Maw,2,67
2020,116,Yamaethin,1,31
2020,117,Yangon,481,25286
2020,118,Yay,3,85
2020,119,Yaynanchaung,3,41
2020,120,Yin Mar Pin,1,30
2020,121,Ywar Ngan,3,46
2021,1,Bagan,150,5866
2021,2,Bago,36,1025
2021,3,Belin,2,68
2021,4,Bhamauk,1,25
2021,5,Bhamaw,5,196
2021,6,Chauk,2,32
2021,7,Chaungtha,33,1716
2021,8,D Mol Sol,2,38
2021,9,Dawei,20,619
2021,10,Dike Oo,1,20
2021,11,Gangaw,4,113
2021,12,Gwa,2,27
2021,13,Haikyikyun,1,20
2021,14,Hinthata,7,236
2021,15,Homemalin,2,48
2021,16,Ho Pan,1,23
2021,17,Ho Pone,1,19
2021,18,Hpa-An,36,1176
2021,19,Hpasawng,1,15
2021,20,Hsewni,1,20
2021,21,Htantalan,1,21
2021,22,Inndaw,1,26
2021,23,Kalaw,79,1768
2021,24,Kalay,13,383
2021,25,Kanpatlat,8,212
2021,26,Katha,4,82
2021,27,Kawthaung,12,794
2021,28,Khannee,2,34
2021,29,Kut Khaing,2,51
2021,30,Kyaikhto,19,951
2021,31,Kyaing Tong,17,633
2021,32,Kyar Inn Seitgyi,1,20
2021,33,Kyauk Phyu,9,308
2021,34,Kyauk Se,6,175
2021,35,Kyauktagar,1,16
2021,36,Kyaukme,4,130
2021,37,Kyaukpataung,14,312
2021,38,Kyonepyaw,1,25
2021,39,Lwegel,2,66
2021,40,Lashio,23,876
2021,41,Latpadan,3,68
2021,42,Laputtar,1,22
2021,43,Laukkai,11,2369
2021,44,Lawei,1,36
2021,45,Loikaw,31,681
2021,46,Ma U Bin,2,56
2021,47,Magwe,18,512
2021,48,Mai Sat,1,64
2021,49,Mandalay,279,11807
2021,50,Matubi,1,20
2021,51,Mawlamyaing,40,1338
2021,52,Mawlamyaing Kyun,1,14
2021,53,Meikhtila,22,526
2021,54,Minbu,3,103
2021,55,Mindat,3,114
2021,56,Minhla,1,11
2021,57,Moe Kaung,2,25
2021,58,Moe Nyin,3,66
2021,59,Mogok,7,228
2021,60,Monywa,20,964
2021,61,Mrauk-U,6,185
2021,62,Mudone,1,30
2021,63,Muse,18,761
2021,64,Myaungmya,3,54
2021,65,Myawaddy,15,584
2021,66,Myeik,19,663
2021,67,Myingyan,11,337
2021,68,Myitkyina,28,960
2021,69,Nam Sam(Loi Lin),3,92
2021,70,Naung Hkio,1,63
2021,71,Nay Pyi Taw,80,5877
2021,72,Ngapali,65,2065
2021,73,Ngwe Saung,35,1621
2021,74,Nyaung Lay Pin,1,17
2021,75,Nyaung Shwe,114,3794
2021,76,Pandaung,1,15
2021,77,Pakokku,14,371
2021,78,Pathein,25,779
2021,79,Pauk Khaung,1,31
2021,80,Pyay,31,769
2021,81,Pyin Oo Lwin,73,1971
2021,82,Pyinmana,11,333
2021,83,Paung,3,62
2021,84,Phakant,5,167
2021,85,Phe Khone,3,57
2021,86,Phyar Pon,5,121
2021,87,Pindaya,7,191
2021,88,Pinlaung,2,35
2021,89,Putao,6,148
2021,90,Pwint Phyu,1,19
2021,91,Pyaw Bwe,4,97
2021,92,Sagaing,9,274
2021,93,Salin,1,20
2021,94,Sat Sal,1,57
2021,95,Shwe Thaung Yan,6,144
2021,96,Shwebo,4,117
2021,97,Singu,1,40
2021,98,Sintgaing,2,41
2021,99,Sittwe,17,401
2021,100,Tachileik,60,2645
2021,101,Tamu,2,71
2021,102,Tanintharyi,1,20
2021,103,Tantyan,2,60
2021,104,Taung Twin Gyi,3,45
2021,105,Taunggyi,50,1597
2021,106,Taungoo,18,509
2021,107,Tha Htone,2,73
2021,108,Thanphyu Zayat,2,50
2021,109,Thayawaddy,1,16
2021,110,Thazi,2,26
2021,111,Thibaw,17,478
2021,112,Taung Gote,1,32
2021,113,Wine Maw,2,67
2021,114,Yamaethin,1,31
2021,115,Yangon,485,25582
2021,116,Yay,3,85
2021,117,Yaynanchaung,3,41
2021,118,Yinmarpin,1,30
2021,119,Ywarngan,3,46
2022,1,Aunglan,1,20
2022,2,Bagan,154,6007
2022,3,Bago,39,1137
2022,4,Belin,2,68
2022,5,Bhamauk,1,25
2022,6,Bhamaw,6,224
2022,7,Bokpyin,1,33
2022,8,Chauk,2,32
2022,9,Chaungtha,33,1716
2022,10,D Mol Sol,2,38
2022,11,Dawei,22,750
2022,12,Dike Oo,1,20
2022,13,Gangaw,4,113
2022,14,Gaw Yin Gyi (Nga Yoke Kaung),1,86
2022,15,Gwa,2,27
2022,16,Haikyikyun,1,20
2022,17,Hinthata,7,236
2022,18,Homemalin,2,48
2022,19,Ho Pan,1,23
2022,20,Ho Pone,1,19
2022,21,Hpa-An,38,1229
2022,22,Hpasawng,1,15
2022,23,Hsewni,1,20
2022,24,Htantalan,1,21
2022,25,Htigyaing,1,23
2022,26,Inndaw,1,26
2022,27,Kalaw,81,1826
2022,28,Kalay,12,359
2022,29,Kanpatlat,8,212
2022,30,Katha,4,82
2022,31,Kawthaung,12,794
2022,32,Khannee,2,34
2022,33,Kut Khaing,2,51
2022,34,Kyaikhto,22,1028
2022,35,Kyaington,18,681
2022,36,Kyar Inn Seitgyi,1,20
2022,37,Kyauk Phyu,10,333
2022,38,Kyauk Se,7,216
2022,39,Kyauktagar,1,16
2022,40,Kyaukme,3,90
2022,41,Kyaukpataung,14,312
2022,42,Kyonepyaw,1,25
2022,43,Lashio,25,956
2022,44,Latpadan,3,68
2022,45,Laputtar,1,22
2022,46,Laukkai,11,2369
2022,47,Lawei,1,36
2022,48,Loikaw,30,656
2022,49,Lwegel,2,66
2022,50,Ma U Bin,2,56
2022,51,Magwe,21,623
2022,52,Mai Sat,1,64
2022,53,Mandalay,282,11911
2022,54,Matubi,1,20
2022,55,Mawlamyaing,40,1350
2022,56,Mawlamyaing Kyun,1,14
2022,57,Meikhtila,22,504
2022,58,Minbue,4,152
2022,59,Mindat,3,114
2022,60,Minhla,1,11
2022,61,Moe Kaung,4,45
2022,62,Moe Nyin,4,94
2022,63,Mogok,7,228
2022,64,Monywa,22,1035
2022,65,Mrauk-U,6,185
2022,66,Mudone,2,53
2022,67,Munaung,1,33
2022,68,Muse,21,957
2022,69,Myaungmya,3,54
2022,70,Myawaddy,16,634
2022,71,Myeik,20,660
2022,72,Myingyan,11,337
2022,73,Myitkyina,29,993
2022,74,Nam Sam(Loi Lin),3,92
2022,75,Naung Hkio,1,63
2022,76,Naypyitaw,85,5999
2022,77,Natmauk,1,20
2022,78,Ngapali,65,2065
2022,79,Ngwe Saung,35,1621
2022,80,Nyaung Lay Pin,2,37
2022,81,Nyaung Shwe,110,3840
2022,82,Pandaung,1,15
2022,83,Pakokku,15,409
2022,84,Pathein,25,779
2022,85,Pauk Khaung,1,31
2022,86,Paung,3,62
2022,87,Payathonzu,1,45
2022,88,Phakant,5,167
2022,89,Phe Khone,3,57
2022,90,Phyar Pon,5,121
2022,91,Pindaya,7,191
2022,92,Pinlaung,2,35
2022,93,Putao,8,173
2022,94,Pwint Phyu,1,19
2022,95,Pyaw Bwe,4,97
2022,96,Pyay,30,741
2022,97,Pyin Oo Lwin,75,2027
2022,98,Pyinmana,13,384
2022,99,Sagaing,10,275
2022,100,Salin,1,20
2022,101,Sat Sal,1,57
2022,102,Shwe Thaung Yan,6,144
2022,103,Shwebo,4,117
2022,104,Singu,1,40
2022,105,Sintgaing,2,41
2022,106,Sittwe,17,392
2022,107,Tachileik,65,2901
2022,108,Tamu,2,71
2022,109,Tanintharyi,1,20
2022,110,Tantyan,2,54
2022,111,Taung Twin Gyi,3,45
2022,112,Taunggyi,52,1712
2022,113,Taungoo,19,529
2022,114,Tha Htone,4,127
2022,115,Thanphyu Zayat,2,50
2022,116,Thayawaddy,1,16
2022,117,Thazi,2,26
2022,118,Thibaw,15,448
2022,119,Taung Gote,1,32
2022,120,Wine Maw,3,87
2022,121,Yamaethin,1,31
2022,122,Yangon,484,25978
2022,123,Yay,3,85
2022,124,Yaynanchaung,3,41
2022,125,Yinmarpin,1,30
2022,126,Ywarngan,3,46
2023,1,Aung Lan,1,20
2023,2,Bagan,152,5988
2023,3,Bago,41,1197
2023,4,Beelin,2,68
2023,5,Bhamauk,1,25
2023,6,Bhamaw,7,244
2023,7,Bokpyin,1,33
2023,8,Chauk,2,32
2023,9,Chaungtha,32,1698
2023,10,Chin Shwe Haw,4,321
2023,11,D Mol Sol,2,38
2023,12,Dawei,25,818
2023,13,Dike Oo,1,20
2023,14,Gangaw,4,113
2023,15,Gaw Yin Gyi (Nga Yoke Kaung),1,86
2023,16,Gwa,2,27
2023,17,Haikyikyun,1,20
2023,18,Hinthata,7,236
2023,19,Homemalin,2,48
2023,20,Ho Pan,1,23
2023,21,Ho Pone,1,19
2023,22,Hpa-An,38,1326
2023,23,Hpasawng,1,15
2023,24,Htantalan,1,21
2023,25,Htigyaing,1,23
2023,26,Inndaw,1,26
2023,27,Kalaw,80,1820
2023,28,Kalay,12,359
2023,29,Kanpatlat,8,212
2023,30,Katha,4,82
2023,31,Kawthaung,16,923
2023,32,Khannee,2,34
2023,33,Kut Khaing,2,51
2023,34,Kyaikhto,24,1097
2023,35,Kyaington,18,709
2023,36,Kyar Inn Seitgyi,1,20
2023,37,Kyauk Phyu,10,333
2023,38,Kyauk Se,7,216
2023,39,Kyauktagar,1,16
2023,40,Kyaukme,3,90
2023,41,Kyaukpataung,14,321
2023,42,Kyonepyaw,1,25
2023,43,Lashio,25,956
2023,44,Latpadan,3,68
2023,45,Laputtar,1,22
2023,46,Laukkai,22,3645
2023,47,Lawei,1,36
2023,48,Loikaw,30,656
2023,49,Lwegel,2,66
2023,50,Ma U Bin,2,56
2023,51,Magwe,22,651
2023,52,Mai Sat,1,64
2023,53,Mandalay,282,12324
2023,54,Matubi,1,20
2023,55,Mawlamyaing,46,1525
2023,56,Mawlamyaing Kyun,1,14
2023,57,Meikhtila,22,512
2023,58,Minbue,4,142
2023,59,Mindat,3,114
2023,60,Minhla,1,11
2023,61,Moe Kaung,4,45
2023,62,Moe Nyin,6,132
2023,63,Mogok,10,303
2023,64,Monywa,21,1007
2023,65,Mrauk-U,6,185
2023,66,Mudone,2,53
2023,67,Manaung,1,33
2023,68,Muse,23,1249
2023,69,Myaungmya,3,54
2023,70,Myawaddy,20,768
2023,71,Myeik,18,659
2023,72,Myingyan,10,305
2023,73,Myitkyina,41,1358
2023,74,Nam Sam(Loi Lin),3,92
2023,75,Naung Hkio,1,63
2023,76,Naypyitaw,85,5939
2023,77,Natmauk,1,20
2023,78,Ngapali,65,2076
2023,79,Ngwe Saung,37,1681
2023,80,Nyaung Lay Pin,2,37
2023,81,Nyaung Shwe,110,3840
2023,82,Pandaung,1,15
2023,83,Pakokku,15,409
2023,84,Pathein,25,779
2023,85,Pauk Khaung,1,31
2023,86,Paung,3,62
2023,87,Phayarthonzu,1,45
2023,88,Phakant,6,194
2023,89,Phae Khone,3,57
2023,90,Phyar Pon,5,121
2023,91,Pindaya,7,191
2023,92,Pinlaung,3,62
2023,93,Putao,9,193
2023,94,Pwint Phyu,1,19
2023,95,Pyaw Bwe,4,97
2023,96,Pyay,30,741
2023,97,Pyin Oo Lwin,75,2054
2023,98,Pyinmana,14,400
2023,99,Sagaing,10,275
2023,100,Salin,1,20
2023,101,Sat Sal,1,57
2023,102,Shwe Thaung Yan,6,144
2023,103,Shwebo,4,117
2023,104,Singu,1,40
2023,105,Sintgaing,2,41
2023,106,Sittwe,17,392
2023,107,Tachileik,69,3113
2023,108,Tamu,2,71
2023,109,Tanintharyi,1,20
2023,110,Tantyan,3,120
2023,111,Tak Khone,1,32
2023,112,Taung Twin Gyi,3,45
2023,113,Taunggyi,53,1742
2023,114,Taungoo,20,565
2023,115,Tha Htone,4,127
2023,116,Thanphyu Zayat,4,77
2023,117,Thayawaddy,1,29
2023,118,Thazi,2,26
2023,119,Theinni,1,20
2023,120,Thibaw,13,391
2023,121,Taung Gote,1,32
2023,122,Wine Maw,3,87
2023,123,Yamaethin,1,31
2023,124,Yangon,492,26496
2023,125,Yay,3,85
2023,126,Yay Tar Shae,1,10
2023,127,Yaynanchaung,3,41
2023,128,Yinmarpin,1,30
2023,129,Ywarngan,3,46
2024,1,Aung Lan,2,40
2024,67,Manaung,1,33
2024,2,Bagan,153,6016
2024,68,Muse,24,1297
2024,3,Bago,42,1223
2024,69,Myaungmya,4,94
2024,4,Beelin,2,68
2024,70,Myawaddy,20,768
2024,5,Bhamauk,1,25
2024,71,Myeik,18,657
2024,6,Bhamaw,7,244
2024,72,Myingyan,11,367
2024,7,Bokpyin,1,33
2024,73,Myitkyina,50,1653
2024,8,Chauk,2,32
2024,74,Nam Sam(Loi Lin),3,92
2024,9,Chaungtha,32,1706
2024,75,Naung Hklo,1,63
2024,10,Chin Shwe Haw,4,321
2024,76,Naypyitaw,85,5995
2024,11,D Mol Sol,2,38
2024,77,Natmauk,1,20
2024,12,Dawei,27,989
2024,78,Ngapali,65,2076
2024,13,Dike Oo,1,20
2024,79,Ngwe Saung,38,1715
2024,14,Gangaw,4,113
2024,80,Nyaung Lay Pin,2,37
2024,15,Gaw Yin Gyi,1,86
2024,81,Nyaung Shwe,108,3809
2024,16,Gwa,2,27
2024,82,Pandaung,1,15
2024,17,Halkyikyun,1,20
2024,83,Pakokku,15,409
2024,18,Hinthata,8,256
2024,84,Pathein,25,779
2024,19,Homemalin,2,48
2024,85,Pauk Khaung,-,31
2024,20,Ho Pan,1,23
2024,86,Paung,3,62
2024,21,Ho Pone,1,19
2024,87,Phayarthonzu,-,45
2024,22,Hpa-An,38,1326
2024,88,Phakant,-,268
2024,23,Hpasawng,1,15
2024,89,Phae Khone,-,57
2024,24,Htantalan,1,21
2024,90,Phyar Pon,-,121
2024,25,Htigyaing,1,23
2024,91,Pindaya,-,191
2024,26,Inndaw,1,26
2024,92,Pinlaung,-,62
2024,27,Kalaw,78,1810
2024,93,Putao,-,193
2024,28,Kalay,12,359
2024,94,Pwint Phyu,-,19
2024,29,Kanpatlat,8,212
2024,95,Pyaw Bwe,4,97
2024,30,Katha,4,82
2024,96,Pyay,30,741
2024,31,Kawthaung,18,963
2024,97,Pyin Oo Lwin,75,2067
2024,32,Khannee,2,34
2024,98,Pyinmana,15,418
2024,33,Kut Khaing,2,51
2024,99,Sagaing,14,355
2024,34,Kyaikhto,24,1097
2024,100,Salin,1,20
2024,35,Kyaington,19,751
2024,101,Shwe Thaung Yan,6,159
2024,36,Kyar Inn Seitgyi,1,20
2024,102,Shwebo,4,117
2024,37,Kyauk Phyu,10,333
2024,103,Singu,1,40
2024,38,Kyauk Se,7,216
2024,104,Sintgaing,2,41
2024,39,Kyauktagar,1,16
2024,105,Sittwe,17,392
2024,40,Kyaukme,3,90
2024,106,Tachileik,74,3356
2024,41,Kyaukpataung,14,321
2024,107,Tamu,2,71
2024,42,Kyonepyaw,1,25
2024,108,Tantyan,3,120
2024,43,Lashio,27,1008
2024,109,Tak Khone,1,32
2024,44,Latpadan,3,68
2024,110,Taung Twin Gyl,3,45
2024,45,Laputtar,1,22
2024,111,Taunggyi,51,1706
2024,46,Laukkai,22,3645
2024,112,Taungoo,21,585
2024,47,Lawei,1,36
2024,113,Tha Htone,4,127
2024,48,Loikaw,30,656
2024,114,Thanphyu Zayat,5,134
2024,49,Lwegel,2,66
2024,115,Thayawaddy,1,29
2024,50,Ma U Bin,2,56
2024,116,Thazi,2,26
2024,51,Magwe,23,665
2024,117,Theinni,1,20
2024,52,Mai Sat,1,64
2024,118,Thibaw,13,391
2024,53,Mandalay,291,12824
2024,119,Taung Gote,1,32
2024,54,Matubi,1,20
2024,120,Wine Maw,4,107
2024,55,Mawlamyaing,48,1570
2024,121,Yamaethin,1,31
2024,56,Mawlamyaing Kyun,1,14
2024,122,Yangon,498,27070
2024,57,Meikhtila,22,512
2024,123,Yay,3,85
2024,58,Minbue,4,142
2024,124,Yay Tar Shae,-,10
2024,59,Mindat,3,114
2024,125,Yaynanchaung,3,41
2024,60,Minhla,1,11
2024,126,Yinmarpin,1,30
2024,61,Moe Kaung,4,45
2024,127,Ywarngan,3,46
2024,62,Moe Nyin,7,156
2024,Total,,2454,101879
2024,63,Mogok,11,333
2024,64,Monywa,21,1007
2024,65,Mrauk-U,6,185
2024,66,Mudone,2,53
