Month,Myanmar Male,Myanmar Female,Myanmar Total,Foreigner Male,Foreigner Female,Foreigner Total,Total,No.of Flights,Seat Capacity,Occupancy Rate(%)
January,"33,845","33,393","67,238","15,976","7,274","23,250","90,488",878,"149,256",60.63%
February,"28,876","28,071","56,947","17,076","7,636","24,712","81,659",825,"138,665",58.89%
March,"32,280","34,397","66,677","18,384","6,914","25,298","91,975",924,"155,830",59.02%
April,"32,509","35,616","68,125","16,162","6,525","22,687","90,812",960,"151,365",60%
May,"32,115","34,680","66,795","17,114","6,272","23,386","90,181",971,"151,893",59.37%
June,"30,615","31,451","62,066","15,529","5,596","21,125","83,191",893,"151,332",54.97%
July,"33,065","34,034","67,099","16,353","6,819","23,172","90,271",921,"156,072",57.84%
August,"27,652","28,188","55,840","14,746","5,853","20,599","76,439",900,"153,297",49.86%
September,"24,339","24,053","48,392","14,973","5,127","20,100","68,492",859,"144,504",47.40%
October,"29,413","29,443","58,856","17,485","6,930","24,415","83,271",893,"153,938",54.09%
November,"29,683","29,874","59,557","17,755","6,861","24,616","84,173",860,"148,915",56.52%
December,"33,852","35,047","68,899","18,660","7,451","26,111","95,010",944,"161,614",61.25%
Total,"368,244","378,247","746,491","200,213","79,258","279,471","1,025,962","10,828","1,816,681",56.47%